﻿{
   "CodeGenerationMode": 3,
   "ContextClassName": "FitnessStudioDBContext",
   "ContextNamespace": null,
   "FilterSchemas": false,
   "IncludeConnectionString": true,
   "ModelNamespace": null,
   "OutputContextPath": null,
   "OutputPath": "Models",
   "PreserveCasingWithRegex": true,
   "ProjectRootNamespace": "FitnessStudio",
   "Schemas": null,
   "SelectedHandlebarsLanguage": 2,
   "SelectedToBeGenerated": 0,
   "T4TemplatePath": null,
   "Tables": [
      {
         "Name": "[dbo].[Kalender]",
         "ObjectType": 0
      },
      {
         "Name": "[dbo].[KalendKund]",
         "ObjectType": 0
      },
      {
         "Name": "[dbo].[Karte]",
         "ObjectType": 0
      },
      {
         "Name": "[dbo].[Kunden]",
         "ObjectType": 0
      },
      {
         "Name": "[dbo].[Postleitzahlen]",
         "ObjectType": 0
      },
      {
         "Name": "[dbo].[Rechnung]",
         "ObjectType": 0
      },
      {
         "Name": "[dbo].[Trainer]",
         "ObjectType": 0
      }
   ],
   "UiHint": null,
   "UncountableWords": null,
   "UseBoolPropertiesWithoutDefaultSql": false,
   "UseDatabaseNames": true,
   "UseDateOnlyTimeOnly": false,
   "UseDbContextSplitting": false,
   "UseDecimalDataAnnotationForSprocResult": true,
   "UseFluentApiOnly": true,
   "UseHandleBars": false,
   "UseHierarchyId": false,
   "UseInflector": false,
   "UseLegacyPluralizer": false,
   "UseManyToManyEntity": false,
   "UseNoDefaultConstructor": false,
   "UseNoNavigations": false,
   "UseNoObjectFilter": false,
   "UseNodaTime": false,
   "UseNullableReferences": false,
   "UsePrefixNavigationNaming": false,
   "UseSchemaFolders": false,
   "UseSchemaNamespaces": false,
   "UseSpatial": false,
   "UseT4": false
}